{
    "rmse": 0.7017735769696499,
    "mae": 0.5526965901127263,
    "r2": 0.20140887866501445
}