{
    "rmse": 0.7650130029532166,
    "mae": 0.5944145684194462,
    "r2": 0.1698653976063853
}